{
  "methods": [
    "IVW",
    "Weighted Median",
    "MR-Egger"
  ],
  "betas": [
    -0.1765356490024942,
    -0.16646180525779186,
    -0.19110645222597988
  ],
  "se": [
    0.04335240227074256,
    null,
    null
  ],
  "or": [
    0.8381688987374223,
    0.8466551540932308,
    0.8260446491789634
  ]
}